function,k_samples,p_threshold,epsilon,seed,simple_regret,cumulative_regret,n_evaluations,total_time,best_value,final_domain_size
branin,20,0.2,0.1,100,0.052375427876019454,35618.85959159273,630,10.004945039749146,0.45026242787601944,2500
branin,20,0.2,0.1,101,0.009019962044670815,35003.86100271875,630,9.788802862167358,0.4069069620446708,2500
branin,20,0.2,0.1,102,0.006605697787159026,33875.435125434546,630,10.573826789855957,0.404492697787159,2500
branin,20,0.2,0.1,103,0.07480380217855298,35541.256439067656,630,9.658830642700195,0.47269080217855297,2500
branin,20,0.2,0.1,104,0.006605697787159026,34782.83691515863,630,9.886023044586182,0.404492697787159,2500
branin,20,0.2,0.1,105,0.006605697787159026,34457.7143115948,630,9.886071920394897,0.404492697787159,2500
branin,20,0.2,0.1,106,0.2705594724235717,34839.15380717245,630,10.030391454696655,0.6684464724235717,2500
branin,20,0.2,0.1,107,0.009019962044670815,34025.49023367824,630,9.685184717178345,0.4069069620446708,2500
branin,20,0.2,0.1,108,0.10339752042404526,32699.14492504536,630,9.722635269165039,0.5012845204240453,2500
branin,20,0.2,0.1,109,0.006605697787159026,33450.25261166108,630,10.27098274230957,0.404492697787159,2500
branin,20,0.2,0.1,110,0.009019962044670815,35318.15537206082,630,10.111228227615356,0.4069069620446708,2500
branin,20,0.2,0.1,111,0.009019962044670815,33431.015195117936,630,10.323012828826904,0.4069069620446708,2500
branin,20,0.2,0.1,112,0.052375427876019454,33794.131218800205,630,9.578591585159302,0.45026242787601944,2500
branin,20,0.2,0.1,113,0.009019962044670815,34827.08433182029,630,10.633460521697998,0.4069069620446708,2500
branin,20,0.2,0.1,114,0.16005592324075557,36229.36163467755,630,9.467348575592041,0.5579429232407556,2500
branin,20,0.3,0.1,100,0.052375427876019454,35618.85959159273,630,10.047839879989624,0.45026242787601944,2500
branin,20,0.3,0.1,101,0.009019962044670815,35003.86100271875,630,9.770904064178467,0.4069069620446708,2500
branin,20,0.3,0.1,102,0.006605697787159026,33875.435125434546,630,10.819966554641724,0.404492697787159,2500
branin,20,0.3,0.1,103,0.07480380217855298,35541.256439067656,630,9.632593631744385,0.47269080217855297,2500
branin,20,0.3,0.1,104,0.006605697787159026,34782.83691515863,630,9.582401514053345,0.404492697787159,2500
branin,20,0.3,0.1,105,0.006605697787159026,34457.7143115948,630,9.873991012573242,0.404492697787159,2500
branin,20,0.3,0.1,106,0.2705594724235717,34839.15380717245,630,10.097180128097534,0.6684464724235717,2500
branin,20,0.3,0.1,107,0.009019962044670815,34025.49023367824,630,9.773549318313599,0.4069069620446708,2500
branin,20,0.3,0.1,108,0.10339752042404526,32699.14492504536,630,9.685861825942993,0.5012845204240453,2500
branin,20,0.3,0.1,109,0.006605697787159026,33450.25261166108,630,10.216308355331421,0.404492697787159,2500
branin,20,0.3,0.1,110,0.009019962044670815,35318.15537206082,630,10.007306575775146,0.4069069620446708,2500
branin,20,0.3,0.1,111,0.009019962044670815,33431.015195117936,630,10.10778284072876,0.4069069620446708,2500
branin,20,0.3,0.1,112,0.052375427876019454,33794.131218800205,630,9.545464992523193,0.45026242787601944,2500
branin,20,0.3,0.1,113,0.009019962044670815,34827.08433182029,630,10.64035415649414,0.4069069620446708,2500
branin,20,0.3,0.1,114,0.16005592324075557,36229.36163467755,630,9.984199523925781,0.5579429232407556,2500
branin,20,0.4,0.1,100,0.052375427876019454,35618.85959159273,630,10.0592360496521,0.45026242787601944,2500
branin,20,0.4,0.1,101,0.009019962044670815,35003.86100271875,630,9.861911058425903,0.4069069620446708,2500
branin,20,0.4,0.1,102,0.006605697787159026,33875.435125434546,630,10.908621788024902,0.404492697787159,2500
branin,20,0.4,0.1,103,0.07480380217855298,35541.256439067656,630,9.882479667663574,0.47269080217855297,2500
branin,20,0.4,0.1,104,0.006605697787159026,34782.83691515863,630,9.760112285614014,0.404492697787159,2500
branin,20,0.4,0.1,105,0.006605697787159026,34457.7143115948,630,9.830710411071777,0.404492697787159,2500
branin,20,0.4,0.1,106,0.2705594724235717,34839.15380717245,630,10.542691707611084,0.6684464724235717,2500
branin,20,0.4,0.1,107,0.009019962044670815,34025.49023367824,630,9.733838319778442,0.4069069620446708,2500
branin,20,0.4,0.1,108,0.10339752042404526,32699.14492504536,630,9.90911340713501,0.5012845204240453,2500
branin,20,0.4,0.1,109,0.006605697787159026,33450.25261166108,630,10.283898830413818,0.404492697787159,2500
branin,20,0.4,0.1,110,0.009019962044670815,35318.15537206082,630,10.07732105255127,0.4069069620446708,2500
branin,20,0.4,0.1,111,0.009019962044670815,33431.015195117936,630,10.417158126831055,0.4069069620446708,2500
branin,20,0.4,0.1,112,0.052375427876019454,33794.131218800205,630,9.751555681228638,0.45026242787601944,2500
branin,20,0.4,0.1,113,0.009019962044670815,34827.08433182029,630,10.895527362823486,0.4069069620446708,2500
branin,20,0.4,0.1,114,0.16005592324075557,36229.36163467755,630,9.186502456665039,0.5579429232407556,2500
branin,35,0.2,0.1,100,0.46165131668899917,34095.670027945045,630,9.413513422012329,0.8595383166889992,2500
branin,35,0.2,0.1,101,0.14546928279938853,36717.464801179114,630,9.75081181526184,0.5433562827993885,2500
branin,35,0.2,0.1,102,0.153086403751847,35060.99898138051,630,9.631103992462158,0.550973403751847,2500
branin,35,0.2,0.1,103,0.07480380217855298,35509.29113375818,630,9.638115406036377,0.47269080217855297,2500
branin,35,0.2,0.1,104,0.153086403751847,35300.81808646022,630,9.697150230407715,0.550973403751847,2500
branin,35,0.2,0.1,105,0.006605697787159026,33242.06386651018,630,10.124715089797974,0.404492697787159,2500
branin,35,0.2,0.1,106,0.009019962044670815,35624.02471957377,630,11.163965225219727,0.4069069620446708,2500
branin,35,0.2,0.1,107,0.006605697787159026,35324.37355299575,630,9.941286325454712,0.404492697787159,2500
branin,35,0.2,0.1,108,0.009019962044670815,34545.58587759544,630,10.134296417236328,0.4069069620446708,2500
branin,35,0.2,0.1,109,0.16005592324075557,33517.30479853945,630,9.765749216079712,0.5579429232407556,2500
branin,35,0.2,0.1,110,0.009019962044670815,32258.103340211677,630,9.991130828857422,0.4069069620446708,2500
branin,35,0.2,0.1,111,0.0972357826887994,34109.61703254026,630,10.566557168960571,0.4951227826887994,2500
branin,35,0.2,0.1,112,0.07480380217855298,34562.206938123905,630,9.690625667572021,0.47269080217855297,2500
branin,35,0.2,0.1,113,0.052375427876019454,32477.920450320034,630,10.536243915557861,0.45026242787601944,2500
branin,35,0.2,0.1,114,0.006605697787159026,34934.755080268995,630,9.512171506881714,0.404492697787159,2500
branin,35,0.3,0.1,100,0.46165131668899917,34095.670027945045,630,9.597098350524902,0.8595383166889992,2500
branin,35,0.3,0.1,101,0.14546928279938853,36717.464801179114,630,9.616779327392578,0.5433562827993885,2500
branin,35,0.3,0.1,102,0.153086403751847,35060.99898138051,630,9.431384325027466,0.550973403751847,2500
branin,35,0.3,0.1,103,0.07480380217855298,35509.29113375818,630,9.749528884887695,0.47269080217855297,2500
branin,35,0.3,0.1,104,0.153086403751847,35300.81808646022,630,9.501067638397217,0.550973403751847,2500
branin,35,0.3,0.1,105,0.006605697787159026,33242.06386651018,630,9.84993290901184,0.404492697787159,2500
branin,35,0.3,0.1,106,0.009019962044670815,35624.02471957377,630,11.114651203155518,0.4069069620446708,2500
branin,35,0.3,0.1,107,0.006605697787159026,35324.37355299575,630,9.971760034561157,0.404492697787159,2500
branin,35,0.3,0.1,108,0.009019962044670815,34545.58587759544,630,9.934641361236572,0.4069069620446708,2500
branin,35,0.3,0.1,109,0.16005592324075557,33517.30479853945,630,9.609307050704956,0.5579429232407556,2500
branin,35,0.3,0.1,110,0.009019962044670815,32258.103340211677,630,9.8575758934021,0.4069069620446708,2500
branin,35,0.3,0.1,111,0.0972357826887994,34109.61703254026,630,10.995593309402466,0.4951227826887994,2500
branin,35,0.3,0.1,112,0.07480380217855298,34562.206938123905,630,9.514073848724365,0.47269080217855297,2500
branin,35,0.3,0.1,113,0.052375427876019454,32477.920450320034,630,10.49762773513794,0.45026242787601944,2500
branin,35,0.3,0.1,114,0.006605697787159026,34934.755080268995,630,9.783482313156128,0.404492697787159,2500
branin,35,0.4,0.1,100,0.46165131668899917,34095.670027945045,630,9.499170064926147,0.8595383166889992,2500
branin,35,0.4,0.1,101,0.14546928279938853,36717.464801179114,630,9.703889846801758,0.5433562827993885,2500
branin,35,0.4,0.1,102,0.153086403751847,35060.99898138051,630,9.496140241622925,0.550973403751847,2500
branin,35,0.4,0.1,103,0.07480380217855298,35509.29113375818,630,9.950545072555542,0.47269080217855297,2500
branin,35,0.4,0.1,104,0.153086403751847,35300.81808646022,630,9.621283531188965,0.550973403751847,2500
branin,35,0.4,0.1,105,0.006605697787159026,33242.06386651018,630,9.852692604064941,0.404492697787159,2500
branin,35,0.4,0.1,106,0.009019962044670815,35624.02471957377,630,11.247967720031738,0.4069069620446708,2500
branin,35,0.4,0.1,107,0.006605697787159026,35324.37355299575,630,9.955774784088135,0.404492697787159,2500
branin,35,0.4,0.1,108,0.009019962044670815,34545.58587759544,630,10.1872878074646,0.4069069620446708,2500
branin,35,0.4,0.1,109,0.16005592324075557,33517.30479853945,630,9.678262710571289,0.5579429232407556,2500
branin,35,0.4,0.1,110,0.009019962044670815,32258.103340211677,630,10.160318613052368,0.4069069620446708,2500
branin,35,0.4,0.1,111,0.0972357826887994,34109.61703254026,630,10.780526161193848,0.4951227826887994,2500
branin,35,0.4,0.1,112,0.07480380217855298,34562.206938123905,630,9.76157832145691,0.47269080217855297,2500
branin,35,0.4,0.1,113,0.052375427876019454,32477.920450320034,630,10.080601215362549,0.45026242787601944,2500
branin,35,0.4,0.1,114,0.006605697787159026,34934.755080268995,630,9.601476669311523,0.404492697787159,2500
branin,50,0.2,0.1,100,0.23697428159646428,33896.79677987708,630,10.121149778366089,0.6348612815964643,2500
branin,50,0.2,0.1,101,0.006605697787159026,34702.6950191714,630,9.67862319946289,0.404492697787159,2500
branin,50,0.2,0.1,102,0.0972357826887994,36216.42779138351,630,10.881391286849976,0.4951227826887994,2500
branin,50,0.2,0.1,103,0.006605697787159026,35191.58496706664,630,9.307416200637817,0.404492697787159,2500
branin,50,0.2,0.1,104,0.2705594724235717,35418.18430655645,630,9.610283374786377,0.6684464724235717,2500
branin,50,0.2,0.1,105,0.07480380217855298,36905.135269807775,630,8.571968078613281,0.47269080217855297,2500
branin,50,0.2,0.1,106,0.153086403751847,33676.75891143264,630,9.735403299331665,0.550973403751847,2500
branin,50,0.2,0.1,107,0.10339752042404526,34267.06232087778,630,9.968069553375244,0.5012845204240453,2500
branin,50,0.2,0.1,108,0.16005592324075557,36882.48466951639,630,9.518776178359985,0.5579429232407556,2500
branin,50,0.2,0.1,109,0.0972357826887994,34589.87629436359,630,12.51472520828247,0.4951227826887994,2500
branin,50,0.2,0.1,110,0.3474885137832534,33451.519103768485,630,10.590139865875244,0.7453755137832534,2500
branin,50,0.2,0.1,111,0.006605697787159026,35383.52702582714,630,12.694604873657227,0.404492697787159,2500
branin,50,0.2,0.1,112,0.009019962044670815,33103.35611175463,630,9.88332200050354,0.4069069620446708,2500
branin,50,0.2,0.1,113,0.07480380217855298,34956.33011194586,630,9.72982668876648,0.47269080217855297,2500
branin,50,0.2,0.1,114,0.07480380217855298,34933.02502138438,630,9.664689779281616,0.47269080217855297,2500
branin,50,0.3,0.1,100,0.23697428159646428,33896.79677987708,630,9.916597127914429,0.6348612815964643,2500
branin,50,0.3,0.1,101,0.006605697787159026,34702.6950191714,630,9.837090492248535,0.404492697787159,2500
branin,50,0.3,0.1,102,0.0972357826887994,36216.42779138351,630,10.912922620773315,0.4951227826887994,2500
branin,50,0.3,0.1,103,0.006605697787159026,35191.58496706664,630,9.357595205307007,0.404492697787159,2500
branin,50,0.3,0.1,104,0.2705594724235717,35418.18430655645,630,9.807399988174438,0.6684464724235717,2500
branin,50,0.3,0.1,105,0.07480380217855298,36905.135269807775,630,8.678447008132935,0.47269080217855297,2500
branin,50,0.3,0.1,106,0.153086403751847,33676.75891143264,630,9.869968175888062,0.550973403751847,2500
branin,50,0.3,0.1,107,0.10339752042404526,34267.06232087778,630,10.452491044998169,0.5012845204240453,2500
branin,50,0.3,0.1,108,0.16005592324075557,36882.48466951639,630,9.958881616592407,0.5579429232407556,2500
branin,50,0.3,0.1,109,0.0972357826887994,34589.87629436359,630,12.515928268432617,0.4951227826887994,2500
branin,50,0.3,0.1,110,0.3474885137832534,33451.519103768485,630,10.409761905670166,0.7453755137832534,2500
branin,50,0.3,0.1,111,0.006605697787159026,35383.52702582714,630,12.928403377532959,0.404492697787159,2500
branin,50,0.3,0.1,112,0.009019962044670815,33103.35611175463,630,9.727103233337402,0.4069069620446708,2500
branin,50,0.3,0.1,113,0.07480380217855298,34956.33011194586,630,9.820078134536743,0.47269080217855297,2500
branin,50,0.3,0.1,114,0.07480380217855298,34933.02502138438,630,9.611504077911377,0.47269080217855297,2500
branin,50,0.4,0.1,100,0.23697428159646428,33896.79677987708,630,10.18049931526184,0.6348612815964643,2500
branin,50,0.4,0.1,101,0.006605697787159026,34702.6950191714,630,10.04492473602295,0.404492697787159,2500
branin,50,0.4,0.1,102,0.0972357826887994,36216.42779138351,630,11.35278606414795,0.4951227826887994,2500
branin,50,0.4,0.1,103,0.006605697787159026,35191.58496706664,630,9.287793159484863,0.404492697787159,2500
branin,50,0.4,0.1,104,0.2705594724235717,35418.18430655645,630,10.067936897277832,0.6684464724235717,2500
branin,50,0.4,0.1,105,0.07480380217855298,36905.135269807775,630,8.77824354171753,0.47269080217855297,2500
branin,50,0.4,0.1,106,0.153086403751847,33676.75891143264,630,9.707411766052246,0.550973403751847,2500
branin,50,0.4,0.1,107,0.10339752042404526,34267.06232087778,630,9.694425344467163,0.5012845204240453,2500
branin,50,0.4,0.1,108,0.16005592324075557,36882.48466951639,630,9.486883640289307,0.5579429232407556,2500
branin,50,0.4,0.1,109,0.0972357826887994,34589.87629436359,630,12.661630630493164,0.4951227826887994,2500
branin,50,0.4,0.1,110,0.3474885137832534,33451.519103768485,630,10.481508731842041,0.7453755137832534,2500
branin,50,0.4,0.1,111,0.006605697787159026,35383.52702582714,630,13.091236114501953,0.404492697787159,2500
branin,50,0.4,0.1,112,0.009019962044670815,33103.35611175463,630,9.659835577011108,0.4069069620446708,2500
branin,50,0.4,0.1,113,0.07480380217855298,34956.33011194586,630,9.861766338348389,0.47269080217855297,2500
branin,50,0.4,0.1,114,0.07480380217855298,34933.02502138438,630,9.547157526016235,0.47269080217855297,2500
ackley2d,20,0.2,0.1,100,0.893619124840733,6138.533371942274,630,11.692731380462646,0.893619124840733,2500
ackley2d,20,0.2,0.1,101,2.354335340895578,6156.983254929827,630,8.350630521774292,2.354335340895578,2500
ackley2d,20,0.2,0.1,102,0.893619124840733,6122.631010460994,630,10.77862548828125,0.893619124840733,2500
ackley2d,20,0.2,0.1,103,2.354335340895578,6171.374650576177,630,9.172586917877197,2.354335340895578,2500
ackley2d,20,0.2,0.1,104,0.893619124840733,6249.451717500822,630,9.229676723480225,0.893619124840733,2500
ackley2d,20,0.2,0.1,105,0.893619124840733,6176.796726943944,630,11.337397575378418,0.893619124840733,2500
ackley2d,20,0.2,0.1,106,2.354335340895578,6296.665830254564,630,11.11363434791565,2.354335340895578,2500
ackley2d,20,0.2,0.1,107,0.893619124840733,6212.792485930171,630,11.815103769302368,0.893619124840733,2500
ackley2d,20,0.2,0.1,108,0.893619124840733,6103.560964625476,630,10.735499143600464,0.893619124840733,2500
ackley2d,20,0.2,0.1,109,0.893619124840733,6146.7444289542855,630,9.592748165130615,0.893619124840733,2500
ackley2d,20,0.2,0.1,110,0.893619124840733,6178.807680575989,630,11.006460905075073,0.893619124840733,2500
ackley2d,20,0.2,0.1,111,0.893619124840733,6217.058824843192,630,11.553202629089355,0.893619124840733,2500
ackley2d,20,0.2,0.1,112,2.354335340895578,6218.435333240572,630,11.772458791732788,2.354335340895578,2500
ackley2d,20,0.2,0.1,113,0.893619124840733,6116.858543861274,630,12.162905216217041,0.893619124840733,2500
ackley2d,20,0.2,0.1,114,0.893619124840733,6221.5134315402,630,11.323445320129395,0.893619124840733,2500
ackley2d,20,0.3,0.1,100,0.893619124840733,6138.533371942274,630,11.91364598274231,0.893619124840733,2500
ackley2d,20,0.3,0.1,101,2.354335340895578,6156.983254929827,630,8.692851781845093,2.354335340895578,2500
ackley2d,20,0.3,0.1,102,0.893619124840733,6122.631010460994,630,10.88692855834961,0.893619124840733,2500
ackley2d,20,0.3,0.1,103,2.354335340895578,6171.374650576177,630,9.498016357421875,2.354335340895578,2500
ackley2d,20,0.3,0.1,104,0.893619124840733,6249.451717500822,630,10.190078258514404,0.893619124840733,2500
ackley2d,20,0.3,0.1,105,0.893619124840733,6176.796726943944,630,12.094402551651001,0.893619124840733,2500
ackley2d,20,0.3,0.1,106,2.354335340895578,6296.665830254564,630,11.85487675666809,2.354335340895578,2500
ackley2d,20,0.3,0.1,107,0.893619124840733,6212.792485930171,630,11.256005764007568,0.893619124840733,2500
ackley2d,20,0.3,0.1,108,0.893619124840733,6103.560964625476,630,10.514212608337402,0.893619124840733,2500
ackley2d,20,0.3,0.1,109,0.893619124840733,6146.7444289542855,630,9.440921545028687,0.893619124840733,2500
ackley2d,20,0.3,0.1,110,0.893619124840733,6178.807680575989,630,10.823500394821167,0.893619124840733,2500
ackley2d,20,0.3,0.1,111,0.893619124840733,6217.058824843192,630,11.349138975143433,0.893619124840733,2500
ackley2d,20,0.3,0.1,112,2.354335340895578,6218.435333240572,630,11.407480001449585,2.354335340895578,2500
ackley2d,20,0.3,0.1,113,0.893619124840733,6116.858543861274,630,11.793590784072876,0.893619124840733,2500
ackley2d,20,0.3,0.1,114,0.893619124840733,6221.5134315402,630,10.982884407043457,0.893619124840733,2500
ackley2d,20,0.4,0.1,100,0.893619124840733,6138.533371942274,630,11.883131742477417,0.893619124840733,2500
ackley2d,20,0.4,0.1,101,2.354335340895578,6156.983254929827,630,8.213388681411743,2.354335340895578,2500
ackley2d,20,0.4,0.1,102,0.893619124840733,6122.631010460994,630,10.85544753074646,0.893619124840733,2500
ackley2d,20,0.4,0.1,103,2.354335340895578,6171.374650576177,630,9.035239934921265,2.354335340895578,2500
ackley2d,20,0.4,0.1,104,0.893619124840733,6249.451717500822,630,10.176069736480713,0.893619124840733,2500
ackley2d,20,0.4,0.1,105,0.893619124840733,6176.796726943944,630,11.819170236587524,0.893619124840733,2500
ackley2d,20,0.4,0.1,106,2.354335340895578,6296.665830254564,630,11.641571998596191,2.354335340895578,2500
ackley2d,20,0.4,0.1,107,0.893619124840733,6212.792485930171,630,11.452558040618896,0.893619124840733,2500
ackley2d,20,0.4,0.1,108,0.893619124840733,6103.560964625476,630,10.686415672302246,0.893619124840733,2500
ackley2d,20,0.4,0.1,109,0.893619124840733,6146.7444289542855,630,9.475264072418213,0.893619124840733,2500
ackley2d,20,0.4,0.1,110,0.893619124840733,6178.807680575989,630,10.474930047988892,0.893619124840733,2500
ackley2d,20,0.4,0.1,111,0.893619124840733,6217.058824843192,630,10.948342323303223,0.893619124840733,2500
ackley2d,20,0.4,0.1,112,2.354335340895578,6218.435333240572,630,11.462182760238647,2.354335340895578,2500
ackley2d,20,0.4,0.1,113,0.893619124840733,6116.858543861274,630,11.81753921508789,0.893619124840733,2500
ackley2d,20,0.4,0.1,114,0.893619124840733,6221.5134315402,630,10.959280014038086,0.893619124840733,2500
ackley2d,35,0.2,0.1,100,0.893619124840733,6251.312070751026,630,11.602922916412354,0.893619124840733,2500
ackley2d,35,0.2,0.1,101,0.893619124840733,6086.876516550388,630,12.709006786346436,0.893619124840733,2500
ackley2d,35,0.2,0.1,102,0.893619124840733,6166.4921782147485,630,8.57205867767334,0.893619124840733,2500
ackley2d,35,0.2,0.1,103,0.893619124840733,6172.3859749323965,630,14.396007537841797,0.893619124840733,2500
ackley2d,35,0.2,0.1,104,0.893619124840733,6197.18622211325,630,12.521958112716675,0.893619124840733,2500
ackley2d,35,0.2,0.1,105,0.893619124840733,6146.664886170276,630,10.832163095474243,0.893619124840733,2500
ackley2d,35,0.2,0.1,106,2.354335340895578,6244.421883039729,630,10.375104427337646,2.354335340895578,2500
ackley2d,35,0.2,0.1,107,2.354335340895578,6163.980989152707,630,12.359177350997925,2.354335340895578,2500
ackley2d,35,0.2,0.1,108,2.8602761817469475,6213.946068845573,630,10.05653691291809,2.8602761817469475,2500
ackley2d,35,0.2,0.1,109,0.893619124840733,6139.573879451584,630,11.491351127624512,0.893619124840733,2500
ackley2d,35,0.2,0.1,110,0.893619124840733,6124.969585154509,630,9.419189929962158,0.893619124840733,2500
ackley2d,35,0.2,0.1,111,0.893619124840733,6003.931834546823,630,13.082070589065552,0.893619124840733,2500
ackley2d,35,0.2,0.1,112,0.893619124840733,6241.737694773444,630,12.292367458343506,0.893619124840733,2500
ackley2d,35,0.2,0.1,113,2.8602761817469475,6257.99894689468,630,10.33127737045288,2.8602761817469475,2500
ackley2d,35,0.2,0.1,114,2.354335340895578,6242.303353477314,630,11.262434244155884,2.354335340895578,2500
ackley2d,35,0.3,0.1,100,0.893619124840733,6251.312070751026,630,11.177575588226318,0.893619124840733,2500
ackley2d,35,0.3,0.1,101,0.893619124840733,6086.876516550388,630,12.811635494232178,0.893619124840733,2500
ackley2d,35,0.3,0.1,102,0.893619124840733,6166.4921782147485,630,9.130530834197998,0.893619124840733,2500
ackley2d,35,0.3,0.1,103,0.893619124840733,6172.3859749323965,630,14.339018821716309,0.893619124840733,2500
ackley2d,35,0.3,0.1,104,0.893619124840733,6197.18622211325,630,12.847598791122437,0.893619124840733,2500
ackley2d,35,0.3,0.1,105,0.893619124840733,6146.664886170276,630,10.542351484298706,0.893619124840733,2500
ackley2d,35,0.3,0.1,106,2.354335340895578,6244.421883039729,630,10.135318040847778,2.354335340895578,2500
ackley2d,35,0.3,0.1,107,2.354335340895578,6163.980989152707,630,13.020069599151611,2.354335340895578,2500
ackley2d,35,0.3,0.1,108,2.8602761817469475,6213.946068845573,630,10.159388780593872,2.8602761817469475,2500
ackley2d,35,0.3,0.1,109,0.893619124840733,6139.573879451584,630,11.61931324005127,0.893619124840733,2500
ackley2d,35,0.3,0.1,110,0.893619124840733,6124.969585154509,630,9.661677360534668,0.893619124840733,2500
ackley2d,35,0.3,0.1,111,0.893619124840733,6003.931834546823,630,12.795496225357056,0.893619124840733,2500
ackley2d,35,0.3,0.1,112,0.893619124840733,6241.737694773444,630,12.389455795288086,0.893619124840733,2500
ackley2d,35,0.3,0.1,113,2.8602761817469475,6257.99894689468,630,10.219835042953491,2.8602761817469475,2500
ackley2d,35,0.3,0.1,114,2.354335340895578,6242.303353477314,630,11.613856077194214,2.354335340895578,2500
ackley2d,35,0.4,0.1,100,0.893619124840733,6251.312070751026,630,11.746379852294922,0.893619124840733,2500
ackley2d,35,0.4,0.1,101,0.893619124840733,6086.876516550388,630,12.745211839675903,0.893619124840733,2500
ackley2d,35,0.4,0.1,102,0.893619124840733,6166.4921782147485,630,8.599785804748535,0.893619124840733,2500
ackley2d,35,0.4,0.1,103,0.893619124840733,6172.3859749323965,630,13.935455560684204,0.893619124840733,2500
ackley2d,35,0.4,0.1,104,0.893619124840733,6197.18622211325,630,12.3146493434906,0.893619124840733,2500
ackley2d,35,0.4,0.1,105,0.893619124840733,6146.664886170276,630,10.734284400939941,0.893619124840733,2500
ackley2d,35,0.4,0.1,106,2.354335340895578,6244.421883039729,630,10.556244850158691,2.354335340895578,2500
ackley2d,35,0.4,0.1,107,2.354335340895578,6163.980989152707,630,13.462837934494019,2.354335340895578,2500
ackley2d,35,0.4,0.1,108,2.8602761817469475,6213.946068845573,630,10.012511253356934,2.8602761817469475,2500
ackley2d,35,0.4,0.1,109,0.893619124840733,6139.573879451584,630,11.720936298370361,0.893619124840733,2500
ackley2d,35,0.4,0.1,110,0.893619124840733,6124.969585154509,630,9.909112691879272,0.893619124840733,2500
ackley2d,35,0.4,0.1,111,0.893619124840733,6003.931834546823,630,12.91442608833313,0.893619124840733,2500
ackley2d,35,0.4,0.1,112,0.893619124840733,6241.737694773444,630,12.640684127807617,0.893619124840733,2500
ackley2d,35,0.4,0.1,113,2.8602761817469475,6257.99894689468,630,10.57044768333435,2.8602761817469475,2500
ackley2d,35,0.4,0.1,114,2.354335340895578,6242.303353477314,630,11.35923147201538,2.354335340895578,2500
ackley2d,50,0.2,0.1,100,0.893619124840733,6081.205497394004,630,12.384108543395996,0.893619124840733,2500
ackley2d,50,0.2,0.1,101,2.354335340895578,6239.7899917746745,630,10.740559101104736,2.354335340895578,2500
ackley2d,50,0.2,0.1,102,0.893619124840733,6128.811620771968,630,11.577450037002563,0.893619124840733,2500
ackley2d,50,0.2,0.1,103,0.893619124840733,6181.05251581604,630,10.300114393234253,0.893619124840733,2500
ackley2d,50,0.2,0.1,104,0.893619124840733,6138.781010987195,630,10.90105414390564,0.893619124840733,2500
ackley2d,50,0.2,0.1,105,0.893619124840733,6224.868124997377,630,11.81940746307373,0.893619124840733,2500
ackley2d,50,0.2,0.1,106,0.893619124840733,6124.990028027469,630,11.557265281677246,0.893619124840733,2500
ackley2d,50,0.2,0.1,107,2.354335340895578,6172.572218063557,630,10.293239831924438,2.354335340895578,2500
ackley2d,50,0.2,0.1,108,0.893619124840733,6146.940718500949,630,12.402878761291504,0.893619124840733,2500
ackley2d,50,0.2,0.1,109,0.893619124840733,6214.708802712565,630,9.84865951538086,0.893619124840733,2500
ackley2d,50,0.2,0.1,110,0.893619124840733,6212.7091216635945,630,10.283808946609497,0.893619124840733,2500
ackley2d,50,0.2,0.1,111,0.893619124840733,6188.411530349642,630,11.183679580688477,0.893619124840733,2500
ackley2d,50,0.2,0.1,112,2.354335340895578,6136.146819576784,630,11.45337986946106,2.354335340895578,2500
ackley2d,50,0.2,0.1,113,0.893619124840733,6098.202547651839,630,12.118149280548096,0.893619124840733,2500
ackley2d,50,0.2,0.1,114,0.893619124840733,6335.999356567267,630,11.75751280784607,0.893619124840733,2500
ackley2d,50,0.3,0.1,100,0.893619124840733,6081.205497394004,630,12.066757440567017,0.893619124840733,2500
ackley2d,50,0.3,0.1,101,2.354335340895578,6239.7899917746745,630,10.791874885559082,2.354335340895578,2500
ackley2d,50,0.3,0.1,102,0.893619124840733,6128.811620771968,630,11.504408597946167,0.893619124840733,2500
ackley2d,50,0.3,0.1,103,0.893619124840733,6181.05251581604,630,10.55855131149292,0.893619124840733,2500
ackley2d,50,0.3,0.1,104,0.893619124840733,6138.781010987195,630,11.44285535812378,0.893619124840733,2500
ackley2d,50,0.3,0.1,105,0.893619124840733,6224.868124997377,630,11.609224081039429,0.893619124840733,2500
ackley2d,50,0.3,0.1,106,0.893619124840733,6124.990028027469,630,12.386390686035156,0.893619124840733,2500
ackley2d,50,0.3,0.1,107,2.354335340895578,6172.572218063557,630,10.820250988006592,2.354335340895578,2500
ackley2d,50,0.3,0.1,108,0.893619124840733,6146.940718500949,630,13.363680839538574,0.893619124840733,2500
ackley2d,50,0.3,0.1,109,0.893619124840733,6214.708802712565,630,9.716176509857178,0.893619124840733,2500
ackley2d,50,0.3,0.1,110,0.893619124840733,6212.7091216635945,630,10.18995189666748,0.893619124840733,2500
ackley2d,50,0.3,0.1,111,0.893619124840733,6188.411530349642,630,11.120376348495483,0.893619124840733,2500
ackley2d,50,0.3,0.1,112,2.354335340895578,6136.146819576784,630,10.491492986679077,2.354335340895578,2500
ackley2d,50,0.3,0.1,113,0.893619124840733,6098.202547651839,630,11.635985374450684,0.893619124840733,2500
ackley2d,50,0.3,0.1,114,0.893619124840733,6335.999356567267,630,11.549976825714111,0.893619124840733,2500
ackley2d,50,0.4,0.1,100,0.893619124840733,6081.205497394004,630,12.22558069229126,0.893619124840733,2500
ackley2d,50,0.4,0.1,101,2.354335340895578,6239.7899917746745,630,10.485528469085693,2.354335340895578,2500
ackley2d,50,0.4,0.1,102,0.893619124840733,6128.811620771968,630,11.118973016738892,0.893619124840733,2500
ackley2d,50,0.4,0.1,103,0.893619124840733,6181.05251581604,630,9.932558059692383,0.893619124840733,2500
ackley2d,50,0.4,0.1,104,0.893619124840733,6138.781010987195,630,10.999962568283081,0.893619124840733,2500
ackley2d,50,0.4,0.1,105,0.893619124840733,6224.868124997377,630,11.886701107025146,0.893619124840733,2500
ackley2d,50,0.4,0.1,106,0.893619124840733,6124.990028027469,630,11.944054126739502,0.893619124840733,2500
ackley2d,50,0.4,0.1,107,2.354335340895578,6172.572218063557,630,10.688028335571289,2.354335340895578,2500
ackley2d,50,0.4,0.1,108,0.893619124840733,6146.940718500949,630,13.269157648086548,0.893619124840733,2500
ackley2d,50,0.4,0.1,109,0.893619124840733,6214.708802712565,630,9.704611539840698,0.893619124840733,2500
ackley2d,50,0.4,0.1,110,0.893619124840733,6212.7091216635945,630,10.523813486099243,0.893619124840733,2500
ackley2d,50,0.4,0.1,111,0.893619124840733,6188.411530349642,630,11.020161628723145,0.893619124840733,2500
ackley2d,50,0.4,0.1,112,2.354335340895578,6136.146819576784,630,10.846368074417114,2.354335340895578,2500
ackley2d,50,0.4,0.1,113,0.893619124840733,6098.202547651839,630,11.972924709320068,0.893619124840733,2500
ackley2d,50,0.4,0.1,114,0.893619124840733,6335.999356567267,630,12.105640172958374,0.893619124840733,2500
rosenbrock2d,20,0.2,0.1,100,0.14797058909752375,177235.62359122577,630,3.7511115074157715,0.14797058909752375,2500
rosenbrock2d,20,0.2,0.1,101,0.06205747605164308,189642.6313934322,630,2.2524209022521973,0.06205747605164308,2500
rosenbrock2d,20,0.2,0.1,102,0.00043383978041908937,187449.1824396748,630,1.9320242404937744,0.00043383978041908937,2500
rosenbrock2d,20,0.2,0.1,103,0.005153517007785412,186040.06601112033,630,1.859644889831543,0.005153517007785412,2500
rosenbrock2d,20,0.2,0.1,104,0.021253986043923936,206305.96667049424,630,2.252385377883911,0.021253986043923936,2500
rosenbrock2d,20,0.2,0.1,105,0.14797058909752375,198790.65399248316,630,2.289057731628418,0.14797058909752375,2500
rosenbrock2d,20,0.2,0.1,106,0.1475473307751572,215498.34955774614,630,1.8177704811096191,0.1475473307751572,2500
rosenbrock2d,20,0.2,0.1,107,0.00043383978041908937,185853.46790983263,630,2.3744754791259766,0.00043383978041908937,2500
rosenbrock2d,20,0.2,0.1,108,0.1670241522647538,164126.47537541046,630,1.9961063861846924,0.1670241522647538,2500
rosenbrock2d,20,0.2,0.1,109,0.30439715091640035,185435.1803891824,630,2.179098129272461,0.30439715091640035,2500
rosenbrock2d,20,0.2,0.1,110,0.005153517007785412,202836.82699757724,630,1.7329280376434326,0.005153517007785412,2500
rosenbrock2d,20,0.2,0.1,111,0.00043383978041908937,191793.80117480812,630,1.9736745357513428,0.00043383978041908937,2500
rosenbrock2d,20,0.2,0.1,112,0.005153517007785412,198519.82641965372,630,2.042023181915283,0.005153517007785412,2500
rosenbrock2d,20,0.2,0.1,113,0.005153517007785412,198792.66885318625,630,1.819420576095581,0.005153517007785412,2500
rosenbrock2d,20,0.2,0.1,114,0.005153517007785412,188948.1912679169,630,1.8506553173065186,0.005153517007785412,2500
rosenbrock2d,20,0.3,0.1,100,0.14797058909752375,177235.62359122577,630,3.781273126602173,0.14797058909752375,2500
rosenbrock2d,20,0.3,0.1,101,0.06205747605164308,189642.6313934322,630,2.224522590637207,0.06205747605164308,2500
rosenbrock2d,20,0.3,0.1,102,0.00043383978041908937,187449.1824396748,630,1.9946982860565186,0.00043383978041908937,2500
rosenbrock2d,20,0.3,0.1,103,0.005153517007785412,186040.06601112033,630,1.8866369724273682,0.005153517007785412,2500
rosenbrock2d,20,0.3,0.1,104,0.021253986043923936,206305.96667049424,630,2.1155831813812256,0.021253986043923936,2500
rosenbrock2d,20,0.3,0.1,105,0.14797058909752375,198790.65399248316,630,2.088888168334961,0.14797058909752375,2500
rosenbrock2d,20,0.3,0.1,106,0.1475473307751572,215498.34955774614,630,1.7874424457550049,0.1475473307751572,2500
rosenbrock2d,20,0.3,0.1,107,0.00043383978041908937,185853.46790983263,630,2.4215614795684814,0.00043383978041908937,2500
rosenbrock2d,20,0.3,0.1,108,0.1670241522647538,164126.47537541046,630,1.90358304977417,0.1670241522647538,2500
rosenbrock2d,20,0.3,0.1,109,0.30439715091640035,185435.1803891824,630,2.369939088821411,0.30439715091640035,2500
rosenbrock2d,20,0.3,0.1,110,0.005153517007785412,202836.82699757724,630,1.8999688625335693,0.005153517007785412,2500
rosenbrock2d,20,0.3,0.1,111,0.00043383978041908937,191793.80117480812,630,2.0725033283233643,0.00043383978041908937,2500
rosenbrock2d,20,0.3,0.1,112,0.005153517007785412,198519.82641965372,630,2.2172112464904785,0.005153517007785412,2500
rosenbrock2d,20,0.3,0.1,113,0.005153517007785412,198792.66885318625,630,1.8696138858795166,0.005153517007785412,2500
rosenbrock2d,20,0.3,0.1,114,0.005153517007785412,188948.1912679169,630,1.848405122756958,0.005153517007785412,2500
rosenbrock2d,20,0.4,0.1,100,0.14797058909752375,177235.62359122577,630,3.9175338745117188,0.14797058909752375,2500
rosenbrock2d,20,0.4,0.1,101,0.06205747605164308,189642.6313934322,630,2.293982744216919,0.06205747605164308,2500
rosenbrock2d,20,0.4,0.1,102,0.00043383978041908937,187449.1824396748,630,2.052518844604492,0.00043383978041908937,2500
rosenbrock2d,20,0.4,0.1,103,0.005153517007785412,186040.06601112033,630,1.816225290298462,0.005153517007785412,2500
rosenbrock2d,20,0.4,0.1,104,0.021253986043923936,206305.96667049424,630,2.1009764671325684,0.021253986043923936,2500
rosenbrock2d,20,0.4,0.1,105,0.14797058909752375,198790.65399248316,630,2.018606424331665,0.14797058909752375,2500
rosenbrock2d,20,0.4,0.1,106,0.1475473307751572,215498.34955774614,630,1.8682982921600342,0.1475473307751572,2500
rosenbrock2d,20,0.4,0.1,107,0.00043383978041908937,185853.46790983263,630,2.3001575469970703,0.00043383978041908937,2500
rosenbrock2d,20,0.4,0.1,108,0.1670241522647538,164126.47537541046,630,1.9763269424438477,0.1670241522647538,2500
rosenbrock2d,20,0.4,0.1,109,0.30439715091640035,185435.1803891824,630,2.344482898712158,0.30439715091640035,2500
rosenbrock2d,20,0.4,0.1,110,0.005153517007785412,202836.82699757724,630,1.91215181350708,0.005153517007785412,2500
rosenbrock2d,20,0.4,0.1,111,0.00043383978041908937,191793.80117480812,630,2.1424694061279297,0.00043383978041908937,2500
rosenbrock2d,20,0.4,0.1,112,0.005153517007785412,198519.82641965372,630,2.0982134342193604,0.005153517007785412,2500
rosenbrock2d,20,0.4,0.1,113,0.005153517007785412,198792.66885318625,630,1.86041259765625,0.005153517007785412,2500
rosenbrock2d,20,0.4,0.1,114,0.005153517007785412,188948.1912679169,630,1.8704144954681396,0.005153517007785412,2500
rosenbrock2d,35,0.2,0.1,100,0.005153517007785412,219162.20274257107,630,5.594734191894531,0.005153517007785412,2500
rosenbrock2d,35,0.2,0.1,101,0.021253986043923936,199056.54615201015,630,1.8890678882598877,0.021253986043923936,2500
rosenbrock2d,35,0.2,0.1,102,0.00043383978041908937,197641.30399444356,630,1.8237299919128418,0.00043383978041908937,2500
rosenbrock2d,35,0.2,0.1,103,0.00043383978041908937,187976.3456402804,630,1.9193973541259766,0.00043383978041908937,2500
rosenbrock2d,35,0.2,0.1,104,0.28405577226343126,189734.06907408897,630,1.878575325012207,0.28405577226343126,2500
rosenbrock2d,35,0.2,0.1,105,0.08303304832205129,170951.77553816262,630,2.321434259414673,0.08303304832205129,2500
rosenbrock2d,35,0.2,0.1,106,0.021253986043923936,182600.09117271812,630,1.756030797958374,0.021253986043923936,2500
rosenbrock2d,35,0.2,0.1,107,0.06205747605164308,197638.53315507498,630,1.9366772174835205,0.06205747605164308,2500
rosenbrock2d,35,0.2,0.1,108,0.005153517007785412,192667.5406251487,630,1.9906854629516602,0.005153517007785412,2500
rosenbrock2d,35,0.2,0.1,109,0.35609711419353535,189805.6333122825,630,2.919874668121338,0.35609711419353535,2500
rosenbrock2d,35,0.2,0.1,110,0.27039771190713574,184257.3980343327,630,2.309340715408325,0.27039771190713574,2500
rosenbrock2d,35,0.2,0.1,111,0.021253986043923936,178133.8979410206,630,2.2868993282318115,0.021253986043923936,2500
rosenbrock2d,35,0.2,0.1,112,0.00043383978041908937,204681.84710550396,630,1.741955280303955,0.00043383978041908937,2500
rosenbrock2d,35,0.2,0.1,113,0.00043383978041908937,200442.10190156748,630,3.0093400478363037,0.00043383978041908937,2500
rosenbrock2d,35,0.2,0.1,114,0.005153517007785412,198362.147783413,630,2.298239231109619,0.005153517007785412,2500
rosenbrock2d,35,0.3,0.1,100,0.005153517007785412,219162.20274257107,630,6.008591413497925,0.005153517007785412,2500
rosenbrock2d,35,0.3,0.1,101,0.021253986043923936,199056.54615201015,630,1.8070399761199951,0.021253986043923936,2500
rosenbrock2d,35,0.3,0.1,102,0.00043383978041908937,197641.30399444356,630,1.966486930847168,0.00043383978041908937,2500
rosenbrock2d,35,0.3,0.1,103,0.00043383978041908937,187976.3456402804,630,1.8563792705535889,0.00043383978041908937,2500
rosenbrock2d,35,0.3,0.1,104,0.28405577226343126,189734.06907408897,630,1.8465712070465088,0.28405577226343126,2500
rosenbrock2d,35,0.3,0.1,105,0.08303304832205129,170951.77553816262,630,2.289466142654419,0.08303304832205129,2500
rosenbrock2d,35,0.3,0.1,106,0.021253986043923936,182600.09117271812,630,1.7557568550109863,0.021253986043923936,2500
rosenbrock2d,35,0.3,0.1,107,0.06205747605164308,197638.53315507498,630,1.93534517288208,0.06205747605164308,2500
rosenbrock2d,35,0.3,0.1,108,0.005153517007785412,192667.5406251487,630,2.018453359603882,0.005153517007785412,2500
rosenbrock2d,35,0.3,0.1,109,0.35609711419353535,189805.6333122825,630,2.88602876663208,0.35609711419353535,2500
rosenbrock2d,35,0.3,0.1,110,0.27039771190713574,184257.3980343327,630,2.246117353439331,0.27039771190713574,2500
rosenbrock2d,35,0.3,0.1,111,0.021253986043923936,178133.8979410206,630,2.4887425899505615,0.021253986043923936,2500
rosenbrock2d,35,0.3,0.1,112,0.00043383978041908937,204681.84710550396,630,1.813800573348999,0.00043383978041908937,2500
rosenbrock2d,35,0.3,0.1,113,0.00043383978041908937,200442.10190156748,630,3.0670833587646484,0.00043383978041908937,2500
rosenbrock2d,35,0.3,0.1,114,0.005153517007785412,198362.147783413,630,2.483285903930664,0.005153517007785412,2500
rosenbrock2d,35,0.4,0.1,100,0.005153517007785412,219162.20274257107,630,5.837317705154419,0.005153517007785412,2500
rosenbrock2d,35,0.4,0.1,101,0.021253986043923936,199056.54615201015,630,1.7871241569519043,0.021253986043923936,2500
rosenbrock2d,35,0.4,0.1,102,0.00043383978041908937,197641.30399444356,630,1.8480315208435059,0.00043383978041908937,2500
rosenbrock2d,35,0.4,0.1,103,0.00043383978041908937,187976.3456402804,630,1.899019718170166,0.00043383978041908937,2500
rosenbrock2d,35,0.4,0.1,104,0.28405577226343126,189734.06907408897,630,1.6890983581542969,0.28405577226343126,2500
rosenbrock2d,35,0.4,0.1,105,0.08303304832205129,170951.77553816262,630,2.290224552154541,0.08303304832205129,2500
rosenbrock2d,35,0.4,0.1,106,0.021253986043923936,182600.09117271812,630,1.8077597618103027,0.021253986043923936,2500
rosenbrock2d,35,0.4,0.1,107,0.06205747605164308,197638.53315507498,630,1.9822490215301514,0.06205747605164308,2500
rosenbrock2d,35,0.4,0.1,108,0.005153517007785412,192667.5406251487,630,1.857205867767334,0.005153517007785412,2500
rosenbrock2d,35,0.4,0.1,109,0.35609711419353535,189805.6333122825,630,2.838017463684082,0.35609711419353535,2500
rosenbrock2d,35,0.4,0.1,110,0.27039771190713574,184257.3980343327,630,2.09199595451355,0.27039771190713574,2500
rosenbrock2d,35,0.4,0.1,111,0.021253986043923936,178133.8979410206,630,2.46614933013916,0.021253986043923936,2500
rosenbrock2d,35,0.4,0.1,112,0.00043383978041908937,204681.84710550396,630,1.7162590026855469,0.00043383978041908937,2500
rosenbrock2d,35,0.4,0.1,113,0.00043383978041908937,200442.10190156748,630,2.8792121410369873,0.00043383978041908937,2500
rosenbrock2d,35,0.4,0.1,114,0.005153517007785412,198362.147783413,630,2.435549259185791,0.005153517007785412,2500
rosenbrock2d,50,0.2,0.1,100,0.1670241522647538,184760.46716586378,630,1.886059045791626,0.1670241522647538,2500
rosenbrock2d,50,0.2,0.1,101,0.10829948856864267,192477.44716955192,630,2.106626272201538,0.10829948856864267,2500
rosenbrock2d,50,0.2,0.1,102,0.005153517007785412,213860.01226031448,630,2.387403964996338,0.005153517007785412,2500
rosenbrock2d,50,0.2,0.1,103,0.08303304832205129,193117.18681032612,630,4.124544143676758,0.08303304832205129,2500
rosenbrock2d,50,0.2,0.1,104,0.14797058909752375,189042.2208616834,630,2.0102627277374268,0.14797058909752375,2500
rosenbrock2d,50,0.2,0.1,105,0.06205747605164308,199368.75121451088,630,1.8960270881652832,0.06205747605164308,2500
rosenbrock2d,50,0.2,0.1,106,0.06205747605164308,193584.9203999319,630,1.945312738418579,0.06205747605164308,2500
rosenbrock2d,50,0.2,0.1,107,0.00043383978041908937,218398.1103214301,630,1.901505947113037,0.00043383978041908937,2500
rosenbrock2d,50,0.2,0.1,108,0.021253986043923936,199625.6844111805,630,2.689610481262207,0.021253986043923936,2500
rosenbrock2d,50,0.2,0.1,109,0.021253986043923936,199873.87186162846,630,1.8623766899108887,0.021253986043923936,2500
rosenbrock2d,50,0.2,0.1,110,0.28070856218627627,212171.9075390406,630,3.751075506210327,0.28070856218627627,2500
rosenbrock2d,50,0.2,0.1,111,0.00043383978041908937,187487.44268957857,630,1.8928277492523193,0.00043383978041908937,2500
rosenbrock2d,50,0.2,0.1,112,0.06205747605164308,180172.2821734363,630,2.323758125305176,0.06205747605164308,2500
rosenbrock2d,50,0.2,0.1,113,0.08303304832205129,202427.76920451794,630,1.851116418838501,0.08303304832205129,2500
rosenbrock2d,50,0.2,0.1,114,0.005153517007785412,211804.50182108933,630,5.375150442123413,0.005153517007785412,2500
rosenbrock2d,50,0.3,0.1,100,0.1670241522647538,184760.46716586378,630,1.9026134014129639,0.1670241522647538,2500
rosenbrock2d,50,0.3,0.1,101,0.10829948856864267,192477.44716955192,630,2.1416494846343994,0.10829948856864267,2500
rosenbrock2d,50,0.3,0.1,102,0.005153517007785412,213860.01226031448,630,2.2613909244537354,0.005153517007785412,2500
rosenbrock2d,50,0.3,0.1,103,0.08303304832205129,193117.18681032612,630,3.9937617778778076,0.08303304832205129,2500
rosenbrock2d,50,0.3,0.1,104,0.14797058909752375,189042.2208616834,630,2.0396947860717773,0.14797058909752375,2500
rosenbrock2d,50,0.3,0.1,105,0.06205747605164308,199368.75121451088,630,1.9240033626556396,0.06205747605164308,2500
rosenbrock2d,50,0.3,0.1,106,0.06205747605164308,193584.9203999319,630,2.083012819290161,0.06205747605164308,2500
rosenbrock2d,50,0.3,0.1,107,0.00043383978041908937,218398.1103214301,630,2.0024120807647705,0.00043383978041908937,2500
rosenbrock2d,50,0.3,0.1,108,0.021253986043923936,199625.6844111805,630,2.74527645111084,0.021253986043923936,2500
rosenbrock2d,50,0.3,0.1,109,0.021253986043923936,199873.87186162846,630,1.9658608436584473,0.021253986043923936,2500
rosenbrock2d,50,0.3,0.1,110,0.28070856218627627,212171.9075390406,630,4.026837348937988,0.28070856218627627,2500
rosenbrock2d,50,0.3,0.1,111,0.00043383978041908937,187487.44268957857,630,1.8341517448425293,0.00043383978041908937,2500
rosenbrock2d,50,0.3,0.1,112,0.06205747605164308,180172.2821734363,630,2.209023952484131,0.06205747605164308,2500
rosenbrock2d,50,0.3,0.1,113,0.08303304832205129,202427.76920451794,630,2.002420663833618,0.08303304832205129,2500
rosenbrock2d,50,0.3,0.1,114,0.005153517007785412,211804.50182108933,630,5.592684745788574,0.005153517007785412,2500
rosenbrock2d,50,0.4,0.1,100,0.1670241522647538,184760.46716586378,630,1.7574470043182373,0.1670241522647538,2500
rosenbrock2d,50,0.4,0.1,101,0.10829948856864267,192477.44716955192,630,1.9836359024047852,0.10829948856864267,2500
rosenbrock2d,50,0.4,0.1,102,0.005153517007785412,213860.01226031448,630,2.3347902297973633,0.005153517007785412,2500
rosenbrock2d,50,0.4,0.1,103,0.08303304832205129,193117.18681032612,630,3.786674737930298,0.08303304832205129,2500
rosenbrock2d,50,0.4,0.1,104,0.14797058909752375,189042.2208616834,630,1.9308021068572998,0.14797058909752375,2500
rosenbrock2d,50,0.4,0.1,105,0.06205747605164308,199368.75121451088,630,1.7907500267028809,0.06205747605164308,2500
rosenbrock2d,50,0.4,0.1,106,0.06205747605164308,193584.9203999319,630,2.147172689437866,0.06205747605164308,2500
rosenbrock2d,50,0.4,0.1,107,0.00043383978041908937,218398.1103214301,630,1.8398258686065674,0.00043383978041908937,2500
rosenbrock2d,50,0.4,0.1,108,0.021253986043923936,199625.6844111805,630,2.5573432445526123,0.021253986043923936,2500
rosenbrock2d,50,0.4,0.1,109,0.021253986043923936,199873.87186162846,630,1.9206857681274414,0.021253986043923936,2500
rosenbrock2d,50,0.4,0.1,110,0.28070856218627627,212171.9075390406,630,3.5784904956817627,0.28070856218627627,2500
rosenbrock2d,50,0.4,0.1,111,0.00043383978041908937,187487.44268957857,630,1.8966789245605469,0.00043383978041908937,2500
rosenbrock2d,50,0.4,0.1,112,0.06205747605164308,180172.2821734363,630,2.4911699295043945,0.06205747605164308,2500
rosenbrock2d,50,0.4,0.1,113,0.08303304832205129,202427.76920451794,630,1.7928171157836914,0.08303304832205129,2500
rosenbrock2d,50,0.4,0.1,114,0.005153517007785412,211804.50182108933,630,5.490307331085205,0.005153517007785412,2500
hartmann3d,20,0.2,0.1,100,0.21815588562920585,1857.2555118989058,630,9.625212907791138,-3.644624114370794,8000
hartmann3d,20,0.2,0.1,101,1.9491542066113303,2414.9379503055575,630,6.14338493347168,-1.9136257933886696,8
hartmann3d,20,0.2,0.1,102,0.031533898316393305,1849.0118323279962,630,10.11330509185791,-3.8312461016836066,8000
hartmann3d,20,0.2,0.1,103,1.5316580137261209,2421.1029884351283,630,5.486713171005249,-2.331121986273879,8
hartmann3d,20,0.2,0.1,104,0.07234134936235836,1888.9630844169762,630,10.020207405090332,-3.7904386506376415,8000
hartmann3d,20,0.2,0.1,105,0.036489150874214005,1851.383187516718,630,10.444508075714111,-3.826290849125786,8000
hartmann3d,20,0.2,0.1,106,0.04508693266598751,1901.8008300519493,630,9.157969236373901,-3.8176930673340124,8000
hartmann3d,20,0.2,0.1,107,0.1927424946731171,1887.5159151393332,630,9.37516164779663,-3.6700375053268828,8000
hartmann3d,20,0.2,0.1,108,0.10670199347364306,1853.3496296414085,630,11.403042316436768,-3.756078006526357,8000
hartmann3d,20,0.2,0.1,109,0.04287362187975674,1866.280596185797,630,9.39996862411499,-3.819906378120243,8000
hartmann3d,20,0.2,0.1,110,0.21286375780573774,1888.2485419205395,630,9.904538869857788,-3.649916242194262,8000
hartmann3d,20,0.2,0.1,111,0.07234134936235836,1869.9255399111737,630,11.497483253479004,-3.7904386506376415,8000
hartmann3d,20,0.2,0.1,112,1.6820016565079516,2387.5738294575967,630,6.400357484817505,-2.1807783434920482,5
hartmann3d,20,0.2,0.1,113,0.060065789258676894,1879.2185038711295,630,9.76675009727478,-3.802714210741323,8000
hartmann3d,20,0.2,0.1,114,2.7954579549189367,2385.835909351272,630,6.023685932159424,-1.0673220450810632,105
hartmann3d,20,0.3,0.1,100,0.21815588562920585,1857.2555118989058,630,9.750468730926514,-3.644624114370794,8000
hartmann3d,20,0.3,0.1,101,0.04287362187975674,1813.1295320312809,630,13.123862028121948,-3.819906378120243,8000
hartmann3d,20,0.3,0.1,102,0.031533898316393305,1849.0118323279962,630,9.831390380859375,-3.8312461016836066,8000
hartmann3d,20,0.3,0.1,103,0.039332213388809656,1861.3986380226047,630,10.353757619857788,-3.8234477866111902,8000
hartmann3d,20,0.3,0.1,104,0.07234134936235836,1888.9630844169762,630,10.427464246749878,-3.7904386506376415,8000
hartmann3d,20,0.3,0.1,105,0.036489150874214005,1851.383187516718,630,10.199927806854248,-3.826290849125786,8000
hartmann3d,20,0.3,0.1,106,0.04508693266598751,1901.8008300519493,630,9.031326293945312,-3.8176930673340124,8000
hartmann3d,20,0.3,0.1,107,0.1927424946731171,1887.5159151393332,630,9.461505651473999,-3.6700375053268828,8000
hartmann3d,20,0.3,0.1,108,0.10670199347364306,1853.3496296414085,630,11.120524644851685,-3.756078006526357,8000
hartmann3d,20,0.3,0.1,109,0.04287362187975674,1866.280596185797,630,9.726102828979492,-3.819906378120243,8000
hartmann3d,20,0.3,0.1,110,0.21286375780573774,1888.2485419205395,630,10.017228364944458,-3.649916242194262,8000
hartmann3d,20,0.3,0.1,111,0.07234134936235836,1869.9255399111737,630,10.555048704147339,-3.7904386506376415,8000
hartmann3d,20,0.3,0.1,112,0.047152604445352075,1910.6441161009093,630,10.105282306671143,-3.815627395554648,8000
hartmann3d,20,0.3,0.1,113,0.060065789258676894,1879.2185038711295,630,9.380913257598877,-3.802714210741323,8000
hartmann3d,20,0.3,0.1,114,2.7954579549189367,2416.1357814652492,630,5.73278284072876,-1.0673220450810632,31
hartmann3d,20,0.4,0.1,100,0.21815588562920585,1857.2555118989058,630,9.524935245513916,-3.644624114370794,8000
hartmann3d,20,0.4,0.1,101,0.04287362187975674,1813.1295320312809,630,13.115031003952026,-3.819906378120243,8000
hartmann3d,20,0.4,0.1,102,0.031533898316393305,1849.0118323279962,630,9.819097757339478,-3.8312461016836066,8000
hartmann3d,20,0.4,0.1,103,0.039332213388809656,1861.3986380226047,630,10.255865335464478,-3.8234477866111902,8000
hartmann3d,20,0.4,0.1,104,0.07234134936235836,1888.9630844169762,630,10.481636762619019,-3.7904386506376415,8000
hartmann3d,20,0.4,0.1,105,0.036489150874214005,1851.383187516718,630,10.260661602020264,-3.826290849125786,8000
hartmann3d,20,0.4,0.1,106,0.04508693266598751,1901.8008300519493,630,8.84229850769043,-3.8176930673340124,8000
hartmann3d,20,0.4,0.1,107,0.1927424946731171,1887.5159151393332,630,9.201608180999756,-3.6700375053268828,8000
hartmann3d,20,0.4,0.1,108,0.10670199347364306,1853.3496296414085,630,11.360071659088135,-3.756078006526357,8000
hartmann3d,20,0.4,0.1,109,0.04287362187975674,1866.280596185797,630,9.560002088546753,-3.819906378120243,8000
hartmann3d,20,0.4,0.1,110,0.21286375780573774,1888.2485419205395,630,9.880089521408081,-3.649916242194262,8000
hartmann3d,20,0.4,0.1,111,0.07234134936235836,1869.9255399111737,630,11.00112533569336,-3.7904386506376415,8000
hartmann3d,20,0.4,0.1,112,0.047152604445352075,1910.6441161009093,630,10.531779527664185,-3.815627395554648,8000
hartmann3d,20,0.4,0.1,113,0.060065789258676894,1879.2185038711295,630,9.38347053527832,-3.802714210741323,8000
hartmann3d,20,0.4,0.1,114,0.07305014293546819,1863.0111012233497,630,9.841830253601074,-3.7897298570645317,8000
hartmann3d,35,0.2,0.1,100,0.04508693266598751,1872.6867839738952,630,9.532692909240723,-3.8176930673340124,8000
hartmann3d,35,0.2,0.1,101,1.9491542066113303,2411.0162084951658,630,5.9757890701293945,-1.9136257933886696,7
hartmann3d,35,0.2,0.1,102,0.0329626479360261,1832.1796827844016,630,10.123886823654175,-3.829817352063974,8000
hartmann3d,35,0.2,0.1,103,0.049943439687546665,1877.8213093075913,630,11.745628595352173,-3.812836560312453,8000
hartmann3d,35,0.2,0.1,104,0.039332213388809656,1848.6315146642764,630,9.229453802108765,-3.8234477866111902,8000
hartmann3d,35,0.2,0.1,105,0.04287362187975674,1829.028464656029,630,9.856629610061646,-3.819906378120243,8000
hartmann3d,35,0.2,0.1,106,0.031533898316393305,1816.1662062467612,630,10.181301355361938,-3.8312461016836066,8000
hartmann3d,35,0.2,0.1,107,0.04114742606379451,1848.00854197306,630,9.714208602905273,-3.8216325739362054,8000
hartmann3d,35,0.2,0.1,108,0.04114742606379451,1840.1017898061787,630,9.395112991333008,-3.8216325739362054,8000
hartmann3d,35,0.2,0.1,109,0.11106079034883232,1890.9764184440094,630,12.175352811813354,-3.7517192096511676,8000
hartmann3d,35,0.2,0.1,110,0.047152604445352075,1853.9623022355468,630,9.009949207305908,-3.815627395554648,8000
hartmann3d,35,0.2,0.1,111,0.038417620319923795,1830.011217822637,630,11.87143611907959,-3.824362379680076,8000
hartmann3d,35,0.2,0.1,112,0.03900185076050189,1860.3598190718635,630,9.001601934432983,-3.823778149239498,8000
hartmann3d,35,0.2,0.1,113,0.07234134936235836,1857.774459987562,630,9.218304872512817,-3.7904386506376415,8000
hartmann3d,35,0.2,0.1,114,2.7954579549189367,2398.569186286876,630,6.069860458374023,-1.0673220450810632,64
hartmann3d,35,0.3,0.1,100,0.04508693266598751,1872.6867839738952,630,9.912390232086182,-3.8176930673340124,8000
hartmann3d,35,0.3,0.1,101,0.04114742606379451,1833.2882356101188,630,10.20116114616394,-3.8216325739362054,8000
hartmann3d,35,0.3,0.1,102,0.0329626479360261,1832.1796827844016,630,9.954599142074585,-3.829817352063974,8000
hartmann3d,35,0.3,0.1,103,0.049943439687546665,1877.8213093075913,630,11.23124623298645,-3.812836560312453,8000
hartmann3d,35,0.3,0.1,104,0.039332213388809656,1848.6315146642764,630,9.594983100891113,-3.8234477866111902,8000
hartmann3d,35,0.3,0.1,105,0.04287362187975674,1829.028464656029,630,9.946850299835205,-3.819906378120243,8000
hartmann3d,35,0.3,0.1,106,0.031533898316393305,1816.1662062467612,630,9.697441577911377,-3.8312461016836066,8000
hartmann3d,35,0.3,0.1,107,0.04114742606379451,1848.00854197306,630,9.43525218963623,-3.8216325739362054,8000
hartmann3d,35,0.3,0.1,108,0.04114742606379451,1840.1017898061787,630,9.889150381088257,-3.8216325739362054,8000
hartmann3d,35,0.3,0.1,109,0.11106079034883232,1890.9764184440094,630,12.431488752365112,-3.7517192096511676,8000
hartmann3d,35,0.3,0.1,110,0.047152604445352075,1853.9623022355468,630,9.723917245864868,-3.815627395554648,8000
hartmann3d,35,0.3,0.1,111,0.038417620319923795,1830.011217822637,630,12.523249626159668,-3.824362379680076,8000
hartmann3d,35,0.3,0.1,112,0.03900185076050189,1860.3598190718635,630,8.810683965682983,-3.823778149239498,8000
hartmann3d,35,0.3,0.1,113,0.07234134936235836,1857.774459987562,630,9.267179489135742,-3.7904386506376415,8000
hartmann3d,35,0.3,0.1,114,2.7954579549189367,2434.6455765144483,630,4.387604475021362,-1.0673220450810632,18
hartmann3d,35,0.4,0.1,100,0.04508693266598751,1872.6867839738952,630,9.913061380386353,-3.8176930673340124,8000
hartmann3d,35,0.4,0.1,101,0.04114742606379451,1833.2882356101188,630,10.276208400726318,-3.8216325739362054,8000
hartmann3d,35,0.4,0.1,102,0.0329626479360261,1832.1796827844016,630,10.081974744796753,-3.829817352063974,8000
hartmann3d,35,0.4,0.1,103,0.049943439687546665,1877.8213093075913,630,11.021435737609863,-3.812836560312453,8000
hartmann3d,35,0.4,0.1,104,0.039332213388809656,1848.6315146642764,630,9.669826745986938,-3.8234477866111902,8000
hartmann3d,35,0.4,0.1,105,0.04287362187975674,1829.028464656029,630,9.718712091445923,-3.819906378120243,8000
hartmann3d,35,0.4,0.1,106,0.031533898316393305,1816.1662062467612,630,10.329750776290894,-3.8312461016836066,8000
hartmann3d,35,0.4,0.1,107,0.04114742606379451,1848.00854197306,630,9.489827156066895,-3.8216325739362054,8000
hartmann3d,35,0.4,0.1,108,0.04114742606379451,1840.1017898061787,630,9.9630708694458,-3.8216325739362054,8000
hartmann3d,35,0.4,0.1,109,0.11106079034883232,1890.9764184440094,630,12.40782618522644,-3.7517192096511676,8000
hartmann3d,35,0.4,0.1,110,0.047152604445352075,1853.9623022355468,630,9.396710634231567,-3.815627395554648,8000
hartmann3d,35,0.4,0.1,111,0.038417620319923795,1830.011217822637,630,12.209781408309937,-3.824362379680076,8000
hartmann3d,35,0.4,0.1,112,0.03900185076050189,1860.3598190718635,630,8.991697549819946,-3.823778149239498,8000
hartmann3d,35,0.4,0.1,113,0.07234134936235836,1857.774459987562,630,9.286885023117065,-3.7904386506376415,8000
hartmann3d,35,0.4,0.1,114,0.057125484337885,1887.8837445029899,630,9.21436619758606,-3.805654515662115,8000
hartmann3d,50,0.2,0.1,100,0.2111451191757152,1880.2395330891472,630,11.301113367080688,-3.6516348808242847,8000
hartmann3d,50,0.2,0.1,101,0.030345815699011958,1837.9145228611146,630,9.25986099243164,-3.832434184300988,8000
hartmann3d,50,0.2,0.1,102,0.057125484337885,1871.4341936034687,630,10.461925268173218,-3.805654515662115,8000
hartmann3d,50,0.2,0.1,103,0.3133825915607056,1910.45266286604,630,11.466200351715088,-3.5493974084392943,8000
hartmann3d,50,0.2,0.1,104,0.11106079034883232,1862.0620583616465,630,9.72572135925293,-3.7517192096511676,8000
hartmann3d,50,0.2,0.1,105,0.030345815699011958,1894.8489695158546,630,11.448577880859375,-3.832434184300988,8000
hartmann3d,50,0.2,0.1,106,0.036489150874214005,1858.157770301042,630,10.40535020828247,-3.826290849125786,8000
hartmann3d,50,0.2,0.1,107,0.057125484337885,1852.8124315083833,630,10.553845643997192,-3.805654515662115,8000
hartmann3d,50,0.2,0.1,108,0.039332213388809656,1841.616775990884,630,11.234059572219849,-3.8234477866111902,8000
hartmann3d,50,0.2,0.1,109,0.0329626479360261,1810.9603574817866,630,11.322993278503418,-3.829817352063974,8000
hartmann3d,50,0.2,0.1,110,0.047152604445352075,1876.0976611271376,630,9.901857614517212,-3.815627395554648,8000
hartmann3d,50,0.2,0.1,111,0.038417620319923795,1869.6613967428443,630,12.216542720794678,-3.824362379680076,8000
hartmann3d,50,0.2,0.1,112,0.20161707512053262,1875.8894125562651,630,9.50940728187561,-3.6611629248794673,8000
hartmann3d,50,0.2,0.1,113,0.04287362187975674,1856.892706821085,630,10.1802339553833,-3.819906378120243,8000
hartmann3d,50,0.2,0.1,114,2.7954579549189367,2399.5690157786335,630,5.923241853713989,-1.0673220450810632,62
hartmann3d,50,0.3,0.1,100,0.2111451191757152,1880.2395330891472,630,11.140246629714966,-3.6516348808242847,8000
hartmann3d,50,0.3,0.1,101,0.030345815699011958,1837.9145228611146,630,9.487318992614746,-3.832434184300988,8000
hartmann3d,50,0.3,0.1,102,0.057125484337885,1871.4341936034687,630,10.716774702072144,-3.805654515662115,8000
hartmann3d,50,0.3,0.1,103,0.3133825915607056,1910.45266286604,630,11.526883363723755,-3.5493974084392943,8000
hartmann3d,50,0.3,0.1,104,0.11106079034883232,1862.0620583616465,630,9.826591968536377,-3.7517192096511676,8000
hartmann3d,50,0.3,0.1,105,0.030345815699011958,1894.8489695158546,630,11.307843446731567,-3.832434184300988,8000
hartmann3d,50,0.3,0.1,106,0.036489150874214005,1858.157770301042,630,10.28635311126709,-3.826290849125786,8000
hartmann3d,50,0.3,0.1,107,0.057125484337885,1852.8124315083833,630,9.978864192962646,-3.805654515662115,8000
hartmann3d,50,0.3,0.1,108,0.039332213388809656,1841.616775990884,630,11.866737604141235,-3.8234477866111902,8000
hartmann3d,50,0.3,0.1,109,0.0329626479360261,1810.9603574817866,630,10.689308643341064,-3.829817352063974,8000
hartmann3d,50,0.3,0.1,110,0.047152604445352075,1876.0976611271376,630,10.27617335319519,-3.815627395554648,8000
hartmann3d,50,0.3,0.1,111,0.038417620319923795,1869.6613967428443,630,11.845495700836182,-3.824362379680076,8000
hartmann3d,50,0.3,0.1,112,0.20161707512053262,1875.8894125562651,630,10.122596025466919,-3.6611629248794673,8000
hartmann3d,50,0.3,0.1,113,0.04287362187975674,1856.892706821085,630,9.690623998641968,-3.819906378120243,8000
hartmann3d,50,0.3,0.1,114,2.7954579549189367,2430.110777791184,630,3.6846253871917725,-1.0673220450810632,19
hartmann3d,50,0.4,0.1,100,0.2111451191757152,1880.2395330891472,630,11.163449048995972,-3.6516348808242847,8000
hartmann3d,50,0.4,0.1,101,0.030345815699011958,1837.9145228611146,630,9.823426485061646,-3.832434184300988,8000
hartmann3d,50,0.4,0.1,102,0.057125484337885,1871.4341936034687,630,10.713541030883789,-3.805654515662115,8000
hartmann3d,50,0.4,0.1,103,0.3133825915607056,1910.45266286604,630,11.512322902679443,-3.5493974084392943,8000
hartmann3d,50,0.4,0.1,104,0.11106079034883232,1862.0620583616465,630,9.839754343032837,-3.7517192096511676,8000
hartmann3d,50,0.4,0.1,105,0.030345815699011958,1894.8489695158546,630,11.305620670318604,-3.832434184300988,8000
hartmann3d,50,0.4,0.1,106,0.036489150874214005,1858.157770301042,630,10.377286672592163,-3.826290849125786,8000
hartmann3d,50,0.4,0.1,107,0.057125484337885,1852.8124315083833,630,9.65818166732788,-3.805654515662115,8000
hartmann3d,50,0.4,0.1,108,0.039332213388809656,1841.616775990884,630,11.444429874420166,-3.8234477866111902,8000
hartmann3d,50,0.4,0.1,109,0.0329626479360261,1810.9603574817866,630,10.965351581573486,-3.829817352063974,8000
hartmann3d,50,0.4,0.1,110,0.047152604445352075,1876.0976611271376,630,9.960413694381714,-3.815627395554648,8000
hartmann3d,50,0.4,0.1,111,0.038417620319923795,1869.6613967428443,630,12.769426822662354,-3.824362379680076,8000
hartmann3d,50,0.4,0.1,112,0.20161707512053262,1875.8894125562651,630,9.38504409790039,-3.6611629248794673,8000
hartmann3d,50,0.4,0.1,113,0.04287362187975674,1856.892706821085,630,9.821940898895264,-3.819906378120243,8000
hartmann3d,50,0.4,0.1,114,2.7954579549189367,2422.8223228325555,630,4.653562784194946,-1.0673220450810632,5
